Index	Label
0.0	landscapes-night_landscapes_image69.jpg
1.0	landscapes-night_landscapes_image82.jpg
2.0	landscapes-night_landscapes_image1.jpg
3.0	landscapes-night_landscapes_image97.jpg
4.0	landscapes-night_landscapes_image54.jpg
5.0	landscapes-night_landscapes_image56.jpg
6.0	landscapes-night_landscapes_image95.jpg
7.0	landscapes-night_landscapes_image108.jpg
8.0	landscapes-night_landscapes_image3.jpg
9.0	landscapes-night_landscapes_image2.jpg
10.0	landscapes-night_landscapes_image109.jpg
11.0	landscapes-night_landscapes_image80.jpg
12.0	landscapes-night_landscapes_image94.jpg
13.0	landscapes-night_landscapes_image43.jpg
14.0	landscapes-night_landscapes_image53.jpg
15.0	landscapes-night_landscapes_image90.jpg
16.0	landscapes-night_landscapes_image84.jpg
17.0	landscapes-night_landscapes_image85.jpg
18.0	landscapes-night_landscapes_image44.jpg
19.0	landscapes-night_landscapes_image78.jpg
20.0	landscapes-night_landscapes_image93.jpg
21.0	landscapes-night_landscapes_image5.jpg
22.0	landscapes-night_landscapes_image4.jpg
23.0	landscapes-night_landscapes_image92.jpg
24.0	landscapes-night_landscapes_image86.jpg
25.0	landscapes-night_landscapes_image79.jpg
26.0	landscapes-night_landscapes_image51.jpg
27.0	landscapes-night_landscapes_image45.jpg
28.0	landscapes-night_landscapes_image37.jpg
29.0	landscapes-night_landscapes_image23.jpg
30.0	landscapes-night_landscapes_image20.jpg
31.0	landscapes-night_landscapes_image34.jpg
32.0	landscapes-night_landscapes_image30.jpg
33.0	landscapes-night_landscapes_image24.jpg
34.0	landscapes-night_landscapes_image18.jpg
35.0	landscapes-night_landscapes_image25.jpg
36.0	landscapes-night_landscapes_image31.jpg
37.0	landscapes-night_landscapes_image33.jpg
38.0	landscapes-night_landscapes_image32.jpg
39.0	landscapes-night_landscapes_image26.jpg
40.0	landscapes-night_landscapes_image28.jpg
41.0	landscapes-night_landscapes_image15.jpg
42.0	landscapes-night_landscapes_image29.jpg
43.0	landscapes-night_landscapes_image11.jpg
44.0	landscapes-night_landscapes_image39.jpg
45.0	landscapes-night_landscapes_image38.jpg
46.0	landscapes-night_landscapes_image10.jpg
47.0	landscapes-night_landscapes_image13.jpg
48.0	landscapes-night_landscapes_image48.jpg
49.0	landscapes-night_landscapes_image60.jpg
50.0	landscapes-night_landscapes_image102.jpg
51.0	landscapes-night_landscapes_image9.jpg
52.0	landscapes-night_landscapes_image8.jpg
53.0	landscapes-night_landscapes_image103.jpg
54.0	landscapes-night_landscapes_image75.jpg
55.0	landscapes-night_landscapes_image61.jpg
56.0	landscapes-night_landscapes_image49.jpg
57.0	landscapes-night_landscapes_image77.jpg
58.0	landscapes-night_landscapes_image63.jpg
59.0	landscapes-night_landscapes_image88.jpg
60.0	landscapes-night_landscapes_image101.jpg
61.0	landscapes-night_landscapes_image100.jpg
62.0	landscapes-night_landscapes_image89.jpg
63.0	landscapes-night_landscapes_image62.jpg
64.0	landscapes-night_landscapes_image76.jpg
65.0	landscapes-night_landscapes_image72.jpg
66.0	landscapes-night_landscapes_image66.jpg
67.0	landscapes-night_landscapes_image99.jpg
68.0	landscapes-night_landscapes_image104.jpg
69.0	landscapes-night_landscapes_image98.jpg
70.0	landscapes-night_landscapes_image71.jpg
71.0	landscapes-night_landscapes_image107.jpg
72.0	landscapes-night_landscapes_image106.jpg
73.0	landscapes-night_landscapes_image58.jpg
74.0	landscapes-night_landscapes_image64.jpg
75.0	meme-meme_tmpl_image95.jpg
76.0	meme-meme_tmpl_image56.jpg
77.0	meme-meme_tmpl_image42.jpg
78.0	meme-meme_tmpl_image105.jpg
79.0	meme-meme_tmpl_image139.jpg
80.0	meme-meme_tmpl_image138.jpg
81.0	meme-meme_tmpl_image104.jpg
82.0	meme-meme_tmpl_image43.jpg
83.0	meme-meme_tmpl_image57.jpg
84.0	meme-meme_tmpl_image80.jpg
85.0	meme-meme_tmpl_image94.jpg
86.0	meme-meme_tmpl_image8.jpg
87.0	meme-meme_tmpl_image82.jpg
88.0	meme-meme_tmpl_image96.jpg
89.0	meme-meme_tmpl_image69.jpg
90.0	meme-meme_tmpl_image41.jpg
91.0	meme-meme_tmpl_image55.jpg
92.0	meme-meme_tmpl_image112.jpg
93.0	meme-meme_tmpl_image106.jpg
94.0	meme-meme_tmpl_image107.jpg
95.0	meme-meme_tmpl_image113.jpg
96.0	meme-meme_tmpl_image54.jpg
97.0	meme-meme_tmpl_image68.jpg
98.0	meme-meme_tmpl_image83.jpg
99.0	meme-meme_tmpl_image9.jpg
100.0	meme-meme_tmpl_image87.jpg
101.0	meme-meme_tmpl_image93.jpg
102.0	meme-meme_tmpl_image44.jpg
103.0	meme-meme_tmpl_image50.jpg
104.0	meme-meme_tmpl_image78.jpg
105.0	meme-meme_tmpl_image117.jpg
106.0	meme-meme_tmpl_image103.jpg
107.0	meme-meme_tmpl_image102.jpg
108.0	meme-meme_tmpl_image51.jpg
109.0	meme-meme_tmpl_image92.jpg
110.0	meme-meme_tmpl_image86.jpg
111.0	meme-meme_tmpl_image90.jpg
112.0	meme-meme_tmpl_image84.jpg
113.0	meme-meme_tmpl_image53.jpg
114.0	meme-meme_tmpl_image47.jpg
115.0	meme-meme_tmpl_image128.jpg
116.0	meme-meme_tmpl_image100.jpg
117.0	meme-meme_tmpl_image46.jpg
118.0	meme-meme_tmpl_image52.jpg
119.0	meme-meme_tmpl_image85.jpg
120.0	meme-meme_tmpl_image91.jpg
121.0	meme-meme_tmpl_image35.jpg
122.0	meme-meme_tmpl_image34.jpg
123.0	meme-meme_tmpl_image22.jpg
124.0	meme-meme_tmpl_image36.jpg
125.0	meme-meme_tmpl_image159.jpg
126.0	meme-meme_tmpl_image158.jpg
127.0	meme-meme_tmpl_image37.jpg
128.0	meme-meme_tmpl_image23.jpg
129.0	meme-meme_tmpl_image27.jpg
130.0	meme-meme_tmpl_image148.jpg
131.0	meme-meme_tmpl_image160.jpg
132.0	meme-meme_tmpl_image161.jpg
133.0	meme-meme_tmpl_image149.jpg
134.0	meme-meme_tmpl_image32.jpg
135.0	meme-meme_tmpl_image26.jpg
136.0	meme-meme_tmpl_image24.jpg
137.0	meme-meme_tmpl_image18.jpg
138.0	meme-meme_tmpl_image163.jpg
139.0	meme-meme_tmpl_image162.jpg
140.0	meme-meme_tmpl_image19.jpg
141.0	meme-meme_tmpl_image25.jpg
142.0	meme-meme_tmpl_image28.jpg
143.0	meme-meme_tmpl_image14.jpg
144.0	meme-meme_tmpl_image146.jpg
145.0	meme-meme_tmpl_image15.jpg
146.0	meme-meme_tmpl_image29.jpg
147.0	meme-meme_tmpl_image17.jpg
148.0	meme-meme_tmpl_image150.jpg
149.0	meme-meme_tmpl_image144.jpg
150.0	meme-meme_tmpl_image145.jpg
151.0	meme-meme_tmpl_image16.jpg
152.0	meme-meme_tmpl_image12.jpg
153.0	meme-meme_tmpl_image155.jpg
154.0	meme-meme_tmpl_image141.jpg
155.0	meme-meme_tmpl_image140.jpg
156.0	meme-meme_tmpl_image154.jpg
157.0	meme-meme_tmpl_image13.jpg
158.0	meme-meme_tmpl_image11.jpg
159.0	meme-meme_tmpl_image39.jpg
160.0	meme-meme_tmpl_image142.jpg
161.0	meme-meme_tmpl_image157.jpg
162.0	meme-meme_tmpl_image143.jpg
163.0	meme-meme_tmpl_image38.jpg
164.0	meme-meme_tmpl_image2.jpg
165.0	meme-meme_tmpl_image88.jpg
166.0	meme-meme_tmpl_image77.jpg
167.0	meme-meme_tmpl_image63.jpg
168.0	meme-meme_tmpl_image124.jpg
169.0	meme-meme_tmpl_image130.jpg
170.0	meme-meme_tmpl_image118.jpg
171.0	meme-meme_tmpl_image119.jpg
172.0	meme-meme_tmpl_image131.jpg
173.0	meme-meme_tmpl_image125.jpg
174.0	meme-meme_tmpl_image62.jpg
175.0	meme-meme_tmpl_image76.jpg
176.0	meme-meme_tmpl_image89.jpg
177.0	meme-meme_tmpl_image1.jpg
178.0	meme-meme_tmpl_image48.jpg
179.0	meme-meme_tmpl_image60.jpg
180.0	meme-meme_tmpl_image74.jpg
181.0	meme-meme_tmpl_image127.jpg
182.0	meme-meme_tmpl_image132.jpg
183.0	meme-meme_tmpl_image61.jpg
184.0	meme-meme_tmpl_image49.jpg
185.0	meme-meme_tmpl_image4.jpg
186.0	meme-meme_tmpl_image65.jpg
187.0	meme-meme_tmpl_image71.jpg
188.0	meme-meme_tmpl_image136.jpg
189.0	meme-meme_tmpl_image122.jpg
190.0	meme-meme_tmpl_image123.jpg
191.0	meme-meme_tmpl_image137.jpg
192.0	meme-meme_tmpl_image58.jpg
193.0	meme-meme_tmpl_image70.jpg
194.0	meme-meme_tmpl_image7.jpg
195.0	meme-meme_tmpl_image99.jpg
196.0	meme-meme_tmpl_image66.jpg
197.0	meme-meme_tmpl_image121.jpg
198.0	meme-meme_tmpl_image135.jpg
199.0	meme-meme_tmpl_image134.jpg
200.0	meme-meme_tmpl_image120.jpg
201.0	meme-meme_tmpl_image67.jpg
202.0	meme-meme_tmpl_image73.jpg
203.0	meme-meme_tmpl_image98.jpg
204.0	meme-meme_tmpl_image6.jpg
205.0	person-person_phtimage4.jpg
206.0	person-person_phtimage33.jpg
207.0	person-person_phtimage27.jpg
208.0	person-person_pht_image29.jpg
209.0	person-person_pht_image15.jpg
210.0	person-person_pht_image14.jpg
211.0	person-person_pht_image28.jpg
212.0	person-person_phtimage26.jpg
213.0	person-person_phtimage32.jpg
214.0	person-person_phtimage5.jpg
215.0	person-person_phtimage7.jpg
216.0	person-person_phtimage18.jpg
217.0	person-person_phtimage30.jpg
218.0	person-person_pht_image17.jpg
219.0	person-person_phtimage31.jpg
220.0	person-person_phtimage6.jpg
221.0	person-person_phtimage2.jpg
222.0	person-person_phtimage21.jpg
223.0	person-person_phtimage35.jpg
224.0	person-person_pht_image13.jpg
225.0	person-person_pht_image12.jpg
226.0	person-person_phtimage34.jpg
227.0	person-person_phtimage20.jpg
228.0	person-person_phtimage3.jpg
229.0	person-person_phtimage1.jpg
230.0	person-person_phtimage22.jpg
231.0	person-person_pht_image10.jpg
232.0	person-person_pht_image38.jpg
233.0	person-person_pht_image39.jpg
234.0	person-person_pht_image11.jpg
235.0	person-person_phtimage23.jpg
236.0	person-person_phtimage37.jpg
237.0	person-person_pht_image2.jpg
238.0	person-person_phtimage78.jpg
239.0	person-person_phtimage50.jpg
240.0	person-person_phtimage93.jpg
241.0	person-person_phtimage87.jpg
242.0	person-person_pht_image89.jpg
243.0	person-person_pht_image76.jpg
244.0	person-person_pht_image62.jpg
245.0	person-person_pht_image63.jpg
246.0	person-person_pht_image88.jpg
247.0	person-person_phtimage92.jpg
248.0	person-person_pht_image119.jpg
249.0	person-person_phtimage45.jpg
250.0	person-person_phtimage51.jpg
251.0	person-person_phtimage79.jpg
252.0	person-person_pht_image3.jpg
253.0	person-person_pht_image1.jpg
254.0	person-person_phtimage47.jpg
255.0	person-person_phtimage90.jpg
256.0	person-person_pht_image61.jpg
257.0	person-person_pht_image75.jpg
258.0	person-person_pht_image74.jpg
259.0	person-person_pht_image60.jpg
260.0	person-person_pht_image48.jpg
261.0	person-person_pht_image126.jpg
262.0	person-person_phtimage85.jpg
263.0	person-person_phtimage52.jpg
264.0	person-person_pht_image4.jpg
265.0	person-person_phtimage42.jpg
266.0	person-person_phtimage56.jpg
267.0	person-person_phtimage81.jpg
268.0	person-person_pht_image122.jpg
269.0	person-person_phtimage95.jpg
270.0	person-person_pht_image64.jpg
271.0	person-person_pht_image70.jpg
272.0	person-person_pht_image58.jpg
273.0	person-person_pht_image59.jpg
274.0	person-person_pht_image71.jpg
275.0	person-person_pht_image65.jpg
276.0	person-person_phtimage94.jpg
277.0	person-person_phtimage80.jpg
278.0	person-person_phtimage57.jpg
279.0	person-person_phtimage43.jpg
280.0	person-person_pht_image5.jpg
281.0	person-person_pht_image7.jpg
282.0	person-person_phtimage55.jpg
283.0	person-person_phtimage69.jpg
284.0	person-person_phtimage96.jpg
285.0	person-person_pht_image121.jpg
286.0	person-person_phtimage82.jpg
287.0	person-person_pht_image109.jpg
288.0	person-person_pht_image73.jpg
289.0	person-person_pht_image67.jpg
290.0	person-person_pht_image72.jpg
291.0	person-person_pht_image99.jpg
292.0	person-person_pht_image108.jpg
293.0	person-person_phtimage83.jpg
294.0	person-person_phtimage97.jpg
295.0	person-person_phtimage68.jpg
296.0	person-person_phtimage40.jpg
297.0	person-person_phtimage54.jpg
298.0	person-person_pht_image6.jpg
299.0	person-person_phtimage104.jpg
300.0	person-person_phtimage59.jpg
301.0	person-person_phtimage71.jpg
302.0	person-person_phtimage65.jpg
303.0	person-person_pht_image111.jpg
304.0	person-person_pht_image105.jpg
305.0	person-person_pht_image94.jpg
306.0	person-person_pht_image57.jpg
307.0	person-person_pht_image43.jpg
308.0	person-person_pht_image56.jpg
309.0	person-person_pht_image81.jpg
310.0	person-person_pht_image95.jpg
311.0	person-person_pht_image104.jpg
312.0	person-person_pht_image110.jpg
313.0	person-person_phtimage64.jpg
314.0	person-person_phtimage70.jpg
315.0	person-person_phtimage105.jpg
316.0	person-person_pht_image8.jpg
317.0	person-person_phtimage66.jpg
318.0	person-person_phtimage72.jpg
319.0	person-person_phtimage99.jpg
320.0	person-person_pht_image83.jpg
321.0	person-person_pht_image68.jpg
322.0	person-person_pht_image40.jpg
323.0	person-person_pht_image54.jpg
324.0	person-person_pht_image55.jpg
325.0	person-person_pht_image69.jpg
326.0	person-person_pht_image82.jpg
327.0	person-person_pht_image113.jpg
328.0	person-person_pht_image107.jpg
329.0	person-person_phtimage98.jpg
330.0	person-person_phtimage67.jpg
331.0	person-person_pht_image9.jpg
332.0	person-person_phtimage106.jpg
333.0	person-person_phtimage102.jpg
334.0	person-person_phtimage77.jpg
335.0	person-person_pht_image117.jpg
336.0	person-person_phtimage88.jpg
337.0	person-person_pht_image86.jpg
338.0	person-person_pht_image45.jpg
339.0	person-person_pht_image51.jpg
340.0	person-person_pht_image79.jpg
341.0	person-person_pht_image78.jpg
342.0	person-person_pht_image44.jpg
343.0	person-person_pht_image93.jpg
344.0	person-person_pht_image87.jpg
345.0	person-person_phtimage89.jpg
346.0	person-person_pht_image116.jpg
347.0	person-person_pht_image102.jpg
348.0	person-person_phtimage76.jpg
349.0	person-person_phtimage62.jpg
350.0	person-person_phtimage103.jpg
351.0	person-person_phtimage74.jpg
352.0	person-person_phtimage60.jpg
353.0	person-person_pht_image114.jpg
354.0	person-person_pht_image100.jpg
355.0	person-person_pht_image91.jpg
356.0	person-person_pht_image85.jpg
357.0	person-person_pht_image52.jpg
358.0	person-person_pht_image46.jpg
359.0	person-person_pht_image53.jpg
360.0	person-person_pht_image84.jpg
361.0	person-person_pht_image115.jpg
362.0	person-person_phtimage49.jpg
363.0	person-person_phtimage61.jpg
364.0	person-person_phtimage75.jpg
365.0	person-person_phtimage100.jpg
366.0	person-person_phtimage12.jpg
367.0	person-person_pht_image34.jpg
368.0	person-person_pht_image21.jpg
369.0	person-person_phtimage13.jpg
370.0	person-person_phtimage39.jpg
371.0	person-person_phtimage11.jpg
372.0	person-person_pht_image23.jpg
373.0	person-person_pht_image37.jpg
374.0	person-person_phtimage10.jpg
375.0	person-person_phtimage38.jpg
376.0	person-person_phtimage14.jpg
377.0	person-person_phtimage28.jpg
378.0	person-person_pht_image26.jpg
379.0	person-person_pht_image32.jpg
380.0	person-person_pht_image33.jpg
381.0	person-person_pht_image27.jpg
382.0	person-person_phtimage8.jpg
383.0	person-person_phtimage17.jpg
384.0	person-person_pht_image19.jpg
385.0	person-person_pht_image18.jpg
386.0	person-person_pht_image24.jpg
387.0	person-person_pht_image30.jpg
388.0	person-person_phtimage16.jpg
389.0	person-person_phtimage9.jpg
390.0	scary-scary_images_image13.jpg
391.0	scary-scary_images_image167.jpg
392.0	scary-scary_images_image4.jpg
393.0	scary-scary_images_image5.jpg
394.0	scary-scary_images_image166.jpg
395.0	scary-scary_images_image12.jpg
396.0	scary-scary_images_image38.jpg
397.0	scary-scary_images_image10.jpg
398.0	scary-scary_images_image6.jpg
399.0	scary-scary_images_image165.jpg
400.0	scary-scary_images_image11.jpg
401.0	scary-scary_images_image39.jpg
402.0	scary-scary_images_image15.jpg
403.0	scary-scary_images_image29.jpg
404.0	scary-scary_images_image149.jpg
405.0	scary-scary_images_image2.jpg
406.0	scary-scary_images_image3.jpg
407.0	scary-scary_images_image28.jpg
408.0	scary-scary_images_image14.jpg
409.0	scary-scary_images_image16.jpg
410.0	scary-scary_images_image1.jpg
411.0	scary-scary_images_image163.jpg
412.0	scary-scary_images_image58.jpg
413.0	scary-scary_images_image138.jpg
414.0	scary-scary_images_image139.jpg
415.0	scary-scary_images_image105.jpg
416.0	scary-scary_images_image71.jpg
417.0	scary-scary_images_image65.jpg
418.0	scary-scary_images_image59.jpg
419.0	scary-scary_images_image73.jpg
420.0	scary-scary_images_image67.jpg
421.0	scary-scary_images_image106.jpg
422.0	scary-scary_images_image62.jpg
423.0	scary-scary_images_image103.jpg
424.0	scary-scary_images_image117.jpg
425.0	scary-scary_images_image63.jpg
426.0	scary-scary_images_image77.jpg
427.0	scary-scary_images_image61.jpg
428.0	scary-scary_images_image75.jpg
429.0	scary-scary_images_image49.jpg
430.0	scary-scary_images_image129.jpg
431.0	scary-scary_images_image128.jpg
432.0	scary-scary_images_image60.jpg
433.0	scary-scary_images_image79.jpg
434.0	scary-scary_images_image45.jpg
435.0	scary-scary_images_image131.jpg
436.0	scary-scary_images_image92.jpg
437.0	scary-scary_images_image130.jpg
438.0	scary-scary_images_image44.jpg
439.0	scary-scary_images_image46.jpg
440.0	scary-scary_images_image132.jpg
441.0	scary-scary_images_image85.jpg
442.0	scary-scary_images_image84.jpg
443.0	scary-scary_images_image43.jpg
444.0	scary-scary_images_image94.jpg
445.0	scary-scary_images_image80.jpg
446.0	scary-scary_images_image137.jpg
447.0	scary-scary_images_image123.jpg
448.0	scary-scary_images_image81.jpg
449.0	scary-scary_images_image56.jpg
450.0	scary-scary_images_image40.jpg
451.0	scary-scary_images_image68.jpg
452.0	scary-scary_images_image121.jpg
453.0	scary-scary_images_image96.jpg
454.0	scary-scary_images_image55.jpg
455.0	scary-scary_images_image32.jpg
456.0	scary-scary_images_image146.jpg
457.0	scary-scary_images_image152.jpg
458.0	scary-scary_images_image153.jpg
459.0	scary-scary_images_image147.jpg
460.0	scary-scary_images_image27.jpg
461.0	scary-scary_images_image19.jpg
462.0	scary-scary_images_image31.jpg
463.0	scary-scary_images_image25.jpg
464.0	scary-scary_images_image151.jpg
465.0	scary-scary_images_image24.jpg
466.0	scary-scary_images_image30.jpg
467.0	scary-scary_images_image18.jpg
468.0	scary-scary_images_image168.jpg
469.0	scary-scary_images_image21.jpg
470.0	scary-scary_images_image35.jpg
471.0	scary-scary_images_image23.jpg
472.0	scary-scary_images_image37.jpg
473.0	scary-scary_images_image8.jpg
474.0	scary-scary_images_image142.jpg
475.0	scary-scary_images_image36.jpg
476.0	momo-momo_image60.jpg
477.0	momo-momo_image48.jpg
478.0	momo-momo_noticiasimage33.jpg
479.0	momo-momo_terror_image13.jpg
480.0	momo-momo_videoimage21.jpg
481.0	momo-momo_videoimage35.jpg
482.0	momo-momo_juegoimage56.jpg
483.0	momo-momo_juegoimage81.jpg
484.0	momo-momo_wspimage37.jpg
485.0	momo-momo_gameimage20.jpg
486.0	momo-momo_gameimage34.jpg
487.0	momo-momo_gameimage35.jpg
488.0	momo-momo_gameimage21.jpg
489.0	momo-momo_wspimage36.jpg
490.0	momo-momo_juegoimage80.jpg
491.0	momo-momo_wspimage22.jpg
492.0	momo-momo_juegoimage57.jpg
493.0	momo-momo_juegoimage43.jpg
494.0	momo-momo_terror_image12.jpg
495.0	momo-momo_noticiasimage26.jpg
496.0	momo-momo_image49.jpg
497.0	momo-momo_image61.jpg
498.0	momo-momo_historiaimage44.jpg
499.0	momo-momo_historiaimage52.jpg
500.0	momo-momo_image63.jpg
501.0	momo-momo_noticiasimage30.jpg
502.0	momo-momo_terror_image10.jpg
503.0	momo-momo_videoimage36.jpg
504.0	momo-momo_videoimage22.jpg
505.0	momo-momo_gameimage9.jpg
506.0	momo-momo_juegoimage55.jpg
507.0	momo-momo_juegoimage41.jpg
508.0	momo-momo_wspimage34.jpg
509.0	momo-momo_videoimage8.jpg
510.0	momo-momo_wspimage20.jpg
511.0	momo-momo_gameimage23.jpg
512.0	momo-momo_gameimage22.jpg
513.0	momo-momo_gameimage36.jpg
514.0	momo-momo_wspimage21.jpg
515.0	momo-momo_videoimage9.jpg
516.0	momo-momo_wspimage35.jpg
517.0	momo-momo_juegoimage68.jpg
518.0	momo-momo_juegoimage54.jpg
519.0	momo-momo_videoimage23.jpg
520.0	momo-momo_videoimage37.jpg
521.0	momo-momo_terror_image11.jpg
522.0	momo-momo_noticiasimage19.jpg
523.0	momo-momo_terror_image39.jpg
524.0	momo-momo_noticiasimage31.jpg
525.0	momo-momo_noticiasimage25.jpg
526.0	momo-momo_image62.jpg
527.0	momo-momo_historiaimage47.jpg
528.0	momo-momo_historiaimage53.jpg
529.0	momo-momo_image72.jpg
530.0	momo-momo_terror_image15.jpg
531.0	momo-momo_terror_image29.jpg
532.0	momo-momo_noticiasimage21.jpg
533.0	momo-momo_noticiasimage35.jpg
534.0	momo-momo_videoimage33.jpg
535.0	momo-momo_videoimage27.jpg
536.0	momo-momo_juegoimage50.jpg
537.0	momo-momo_juegoimage44.jpg
538.0	momo-momo_gameimage32.jpg
539.0	momo-momo_gameimage26.jpg
540.0	momo-momo_wspimage19.jpg
541.0	momo-momo_wspimage31.jpg
542.0	momo-momo_wspimage25.jpg
543.0	momo-momo_wspimage24.jpg
544.0	momo-momo_wspimage30.jpg
545.0	momo-momo_gameimage27.jpg
546.0	momo-momo_wspimage18.jpg
547.0	momo-momo_gameimage33.jpg
548.0	momo-momo_videoimage26.jpg
549.0	momo-momo_noticiasimage20.jpg
550.0	momo-momo_terror_image28.jpg
551.0	momo-momo_terror_image14.jpg
552.0	momo-momo_image67.jpg
553.0	momo-momo_historiaimage42.jpg
554.0	momo-momo_historiaimage56.jpg
555.0	momo-momo_historiaimage40.jpg
556.0	momo-momo_image65.jpg
557.0	momo-momo_terror_image16.jpg
558.0	momo-momo_noticiasimage36.jpg
559.0	momo-momo_noticiasimage22.jpg
560.0	momo-momo_videoimage18.jpg
561.0	momo-momo_videoimage24.jpg
562.0	momo-momo_juegoimage47.jpg
563.0	momo-momo_juegoimage53.jpg
564.0	momo-momo_gameimage31.jpg
565.0	momo-momo_wspimage26.jpg
566.0	momo-momo_gameimage19.jpg
567.0	momo-momo_wspimage32.jpg
568.0	momo-momo_wspimage33.jpg
569.0	momo-momo_wspimage27.jpg
570.0	momo-momo_gameimage18.jpg
571.0	momo-momo_gameimage30.jpg
572.0	momo-momo_gameimage24.jpg
573.0	momo-momo_juegoimage52.jpg
574.0	momo-momo_juegoimage46.jpg
575.0	momo-momo_videoimage31.jpg
576.0	momo-momo_videoimage25.jpg
577.0	momo-momo_videoimage19.jpg
578.0	momo-momo_noticiasimage23.jpg
579.0	momo-momo_terror_image17.jpg
580.0	momo-momo_image70.jpg
581.0	momo-momo_image64.jpg
582.0	momo-momo_historiaimage26.jpg
583.0	momo-momo_image17.jpg
584.0	momo-momo_image8.jpg
585.0	momo-momo_terror_image58.jpg
586.0	momo-momo_noticiasimage50.jpg
587.0	momo-momo_noticiasimage44.jpg
588.0	momo-momo_videoimage42.jpg
589.0	momo-momo_videoimage56.jpg
590.0	momo-momo_wspimage3.jpg
591.0	momo-momo_juegoimage35.jpg
592.0	momo-momo_noticiasimage3.jpg
593.0	momo-momo_wspimage40.jpg
594.0	momo-momo_wspimage54.jpg
595.0	momo-momo_gameimage43.jpg
596.0	momo-momo_gameimage56.jpg
597.0	momo-momo_gameimage42.jpg
598.0	momo-momo_wspimage55.jpg
599.0	momo-momo_wspimage41.jpg
600.0	momo-momo_juegoimage34.jpg
601.0	momo-momo_noticiasimage2.jpg
602.0	momo-momo_wspimage2.jpg
603.0	momo-momo_juegoimage20.jpg
604.0	momo-momo_videoimage80.jpg
605.0	momo-momo_noticiasimage79.jpg
606.0	momo-momo_terror_image71.jpg
607.0	momo-momo_noticiasimage51.jpg
608.0	momo-momo_terror_image59.jpg
609.0	momo-momo_image9.jpg
610.0	momo-momo_image16.jpg
611.0	momo-momo_historiaimage27.jpg
612.0	momo-momo_image14.jpg
613.0	momo-momo_historiaimage25.jpg
614.0	momo-momo_image28.jpg
615.0	momo-momo_noticiasimage53.jpg
616.0	momo-momo_terror_image73.jpg
617.0	momo-momo_terror_image67.jpg
618.0	momo-momo_videoimage55.jpg
619.0	momo-momo_videoimage41.jpg
620.0	momo-momo_juegoimage22.jpg
621.0	momo-momo_historiaimage9.jpg
622.0	momo-momo_wspimage57.jpg
623.0	momo-momo_gameimage68.jpg
624.0	momo-momo_wspimage43.jpg
625.0	momo-momo_gameimage54.jpg
626.0	momo-momo_gameimage55.jpg
627.0	momo-momo_wspimage42.jpg
628.0	momo-momo_historiaimage8.jpg
629.0	momo-momo_wspimage1.jpg
630.0	momo-momo_juegoimage23.jpg
631.0	momo-momo_noticiasimage1.jpg
632.0	momo-momo_juegoimage37.jpg
633.0	momo-momo_videoimage68.jpg
634.0	momo-momo_terror_image66.jpg
635.0	momo-momo_noticiasimage52.jpg
636.0	momo-momo_noticiasimage46.jpg
637.0	momo-momo_historiaimage18.jpg
638.0	momo-momo_image29.jpg
639.0	momo-momo_image15.jpg
640.0	momo-momo_image39.jpg
641.0	momo-momo_juegoimage9.jpg
642.0	momo-momo_historiaimage34.jpg
643.0	momo-momo_image11.jpg
644.0	momo-momo_terror_image76.jpg
645.0	momo-momo_noticiasimage42.jpg
646.0	momo-momo_noticiasimage56.jpg
647.0	momo-momo_videoimage50.jpg
648.0	momo-momo_noticiasimage5.jpg
649.0	momo-momo_wspimage5.jpg
650.0	momo-momo_gameimage45.jpg
651.0	momo-momo_wspimage52.jpg
652.0	momo-momo_wspimage46.jpg
653.0	momo-momo_wspimage47.jpg
654.0	momo-momo_wspimage53.jpg
655.0	momo-momo_gameimage44.jpg
656.0	momo-momo_gameimage50.jpg
657.0	momo-momo_juegoimage26.jpg
658.0	momo-momo_wspimage4.jpg
659.0	momo-momo_juegoimage32.jpg
660.0	momo-momo_noticiasimage4.jpg
661.0	momo-momo_videoimage51.jpg
662.0	momo-momo_noticiasimage57.jpg
663.0	momo-momo_noticiasimage43.jpg
664.0	momo-momo_terror_image77.jpg
665.0	momo-momo_image10.jpg
666.0	momo-momo_historiaimage35.jpg
667.0	momo-momo_image38.jpg
668.0	momo-momo_historiaimage37.jpg
669.0	momo-momo_image12.jpg
670.0	momo-momo_noticiasimage82.jpg
671.0	momo-momo_terror_image61.jpg
672.0	momo-momo_terror_image75.jpg
673.0	momo-momo_noticiasimage55.jpg
674.0	momo-momo_terror_image49.jpg
675.0	momo-momo_juegoimage18.jpg
676.0	momo-momo_wspimage6.jpg
677.0	momo-momo_noticiasimage6.jpg
678.0	momo-momo_juegoimage30.jpg
679.0	momo-momo_gameimage46.jpg
680.0	momo-momo_gameimage52.jpg
681.0	momo-momo_wspimage45.jpg
682.0	momo-momo_wspimage51.jpg
683.0	momo-momo_wspimage50.jpg
684.0	momo-momo_wspimage44.jpg
685.0	momo-momo_gameimage47.jpg
686.0	momo-momo_noticiasimage7.jpg
687.0	momo-momo_wspimage7.jpg
688.0	momo-momo_juegoimage19.jpg
689.0	momo-momo_videoimage52.jpg
690.0	momo-momo_videoimage46.jpg
691.0	momo-momo_terror_image8.jpg
692.0	momo-momo_terror_image48.jpg
693.0	momo-momo_noticiasimage40.jpg
694.0	momo-momo_image13.jpg
695.0	momo-momo_historiaimage22.jpg
696.0	momo-momo_image22.jpg
697.0	momo-momo_juegoimage6.jpg
698.0	momo-momo_historiaimage13.jpg
699.0	momo-momo_image36.jpg
700.0	momo-momo_image1.jpg
701.0	momo-momo_noticiasimage71.jpg
702.0	momo-momo_noticiasimage65.jpg
703.0	momo-momo_terror_image45.jpg
704.0	momo-momo_noticiasimage59.jpg
705.0	momo-momo_videoimage63.jpg
706.0	momo-momo_terror_image5.jpg
707.0	momo-momo_juegoimage14.jpg
708.0	momo-momo_juegoimage28.jpg
709.0	momo-momo_historiaimage3.jpg
710.0	momo-momo_wspimage49.jpg
711.0	momo-momo_wspimage48.jpg
712.0	momo-momo_historiaimage2.jpg
713.0	momo-momo_wspimage60.jpg
714.0	momo-momo_juegoimage29.jpg
715.0	momo-momo_terror_image4.jpg
716.0	momo-momo_videoimage62.jpg
717.0	momo-momo_terror_image50.jpg
718.0	momo-momo_noticiasimage58.jpg
719.0	momo-momo_terror_image44.jpg
720.0	momo-momo_noticiasimage64.jpg
721.0	momo-momo_terror_image78.jpg
722.0	momo-momo_noticiasimage70.jpg
723.0	momo-momo_image37.jpg
724.0	momo-momo_historiaimage12.jpg
725.0	momo-momo_image23.jpg
726.0	momo-momo_historiaimage10.jpg
727.0	momo-momo_image35.jpg
728.0	momo-momo_image21.jpg
729.0	momo-momo_historiaimage38.jpg
730.0	momo-momo_image2.jpg
731.0	momo-momo_noticiasimage66.jpg
732.0	momo-momo_noticiasimage72.jpg
733.0	momo-momo_terror_image52.jpg
734.0	momo-momo_videoimage74.jpg
735.0	momo-momo_terror_image6.jpg
736.0	momo-momo_videoimage60.jpg
737.0	momo-momo_videoimage48.jpg
738.0	momo-momo_wspimage9.jpg
739.0	momo-momo_noticiasimage9.jpg
740.0	momo-momo_gameimage49.jpg
741.0	momo-momo_gameimage61.jpg
742.0	momo-momo_gameimage60.jpg
743.0	momo-momo_historiaimage1.jpg
744.0	momo-momo_gameimage48.jpg
745.0	momo-momo_noticiasimage8.jpg
746.0	momo-momo_wspimage8.jpg
747.0	momo-momo_juegoimage16.jpg
748.0	momo-momo_videoimage61.jpg
749.0	momo-momo_videoimage75.jpg
750.0	momo-momo_terror_image7.jpg
751.0	momo-momo_terror_image53.jpg
752.0	momo-momo_noticiasimage73.jpg
753.0	momo-momo_image3.jpg
754.0	momo-momo_historiaimage39.jpg
755.0	momo-momo_image20.jpg
756.0	momo-momo_image34.jpg
757.0	momo-momo_historiaimage11.jpg
758.0	momo-momo_historiaimage15.jpg
759.0	momo-momo_image7.jpg
760.0	momo-momo_terror_image57.jpg
761.0	momo-momo_terror_image43.jpg
762.0	momo-momo_noticiasimage63.jpg
763.0	momo-momo_videoimage59.jpg
764.0	momo-momo_videoimage71.jpg
765.0	momo-momo_videoimage65.jpg
766.0	momo-momo_juegoimage12.jpg
767.0	momo-momo_historiaimage5.jpg
768.0	momo-momo_gameimage64.jpg
769.0	momo-momo_gameimage58.jpg
770.0	momo-momo_historiaimage4.jpg
771.0	momo-momo_juegoimage13.jpg
772.0	momo-momo_videoimage64.jpg
773.0	momo-momo_terror_image2.jpg
774.0	momo-momo_videoimage70.jpg
775.0	momo-momo_videoimage58.jpg
776.0	momo-momo_noticiasimage76.jpg
777.0	momo-momo_noticiasimage62.jpg
778.0	momo-momo_image6.jpg
779.0	momo-momo_juegoimage1.jpg
780.0	momo-momo_image31.jpg
781.0	momo-momo_image19.jpg
782.0	momo-momo_image27.jpg
783.0	momo-momo_historiaimage16.jpg
784.0	momo-momo_image33.jpg
785.0	momo-momo_juegoimage3.jpg
786.0	momo-momo_image4.jpg
787.0	momo-momo_noticiasimage48.jpg
788.0	momo-momo_terror_image54.jpg
789.0	momo-momo_terror_image68.jpg
790.0	momo-momo_videoimage72.jpg
791.0	momo-momo_juegoimage39.jpg
792.0	momo-momo_historiaimage6.jpg
793.0	momo-momo_wspimage64.jpg
794.0	momo-momo_wspimage65.jpg
795.0	momo-momo_wspimage59.jpg
796.0	momo-momo_historiaimage7.jpg
797.0	momo-momo_juegoimage10.jpg
798.0	momo-momo_videoimage67.jpg
799.0	momo-momo_noticiasimage61.jpg
800.0	momo-momo_terror_image69.jpg
801.0	momo-momo_terror_image55.jpg
802.0	momo-momo_noticiasimage49.jpg
803.0	momo-momo_image5.jpg
804.0	momo-momo_image32.jpg
805.0	momo-momo_historiaimage17.jpg
806.0	momo-momo_juegoimage2.jpg
807.0	momo-momo_image41.jpg
808.0	momo-momo_image55.jpg
809.0	momo-momo_image69.jpg
810.0	momo-momo_noticiasimage12.jpg
811.0	momo-momo_terror_image26.jpg
812.0	momo-momo_terror_image32.jpg
813.0	momo-momo_gameimage3.jpg
814.0	momo-momo_videoimage14.jpg
815.0	momo-momo_juegoimage63.jpg
816.0	momo-momo_juegoimage77.jpg
817.0	momo-momo_wspimage16.jpg
818.0	momo-momo_gameimage29.jpg
819.0	momo-momo_videoimage2.jpg
820.0	momo-momo_gameimage15.jpg
821.0	momo-momo_gameimage14.jpg
822.0	momo-momo_videoimage3.jpg
823.0	momo-momo_wspimage17.jpg
824.0	momo-momo_gameimage28.jpg
825.0	momo-momo_juegoimage76.jpg
826.0	momo-momo_juegoimage62.jpg
827.0	momo-momo_videoimage29.jpg
828.0	momo-momo_videoimage15.jpg
829.0	momo-momo_terror_image33.jpg
830.0	momo-momo_terror_image27.jpg
831.0	momo-momo_noticiasimage13.jpg
832.0	momo-momo_image68.jpg
833.0	momo-momo_image40.jpg
834.0	momo-momo_image42.jpg
835.0	momo-momo_terror_image19.jpg
836.0	momo-momo_noticiasimage11.jpg
837.0	momo-momo_noticiasimage39.jpg
838.0	momo-momo_videoimage17.jpg
839.0	momo-momo_wspimage15.jpg
840.0	momo-momo_gameimage16.jpg
841.0	momo-momo_wspimage29.jpg
842.0	momo-momo_videoimage1.jpg
843.0	momo-momo_gameimage17.jpg
844.0	momo-momo_wspimage28.jpg
845.0	momo-momo_wspimage14.jpg
846.0	momo-momo_juegoimage61.jpg
847.0	momo-momo_juegoimage75.jpg
848.0	momo-momo_gameimage1.jpg
849.0	momo-momo_videoimage16.jpg
850.0	momo-momo_terror_image24.jpg
851.0	momo-momo_noticiasimage38.jpg
852.0	momo-momo_terror_image30.jpg
853.0	momo-momo_noticiasimage10.jpg
854.0	momo-momo_terror_image18.jpg
855.0	momo-momo_image43.jpg
856.0	momo-momo_image57.jpg
857.0	momo-momo_image53.jpg
858.0	momo-momo_image47.jpg
859.0	momo-momo_noticiasimage28.jpg
860.0	momo-momo_terror_image20.jpg
861.0	momo-momo_noticiasimage14.jpg
862.0	momo-momo_videoimage12.jpg
863.0	momo-momo_gameimage5.jpg
864.0	momo-momo_juegoimage59.jpg
865.0	momo-momo_juegoimage65.jpg
866.0	momo-momo_gameimage13.jpg
867.0	momo-momo_videoimage4.jpg
868.0	momo-momo_wspimage38.jpg
869.0	momo-momo_wspimage10.jpg
870.0	momo-momo_wspimage39.jpg
871.0	momo-momo_videoimage5.jpg
872.0	momo-momo_gameimage12.jpg
873.0	momo-momo_juegoimage64.jpg
874.0	momo-momo_juegoimage70.jpg
875.0	momo-momo_gameimage4.jpg
876.0	momo-momo_videoimage13.jpg
877.0	momo-momo_noticiasimage15.jpg
878.0	momo-momo_terror_image21.jpg
879.0	momo-momo_noticiasimage29.jpg
880.0	momo-momo_terror_image35.jpg
881.0	momo-momo_image46.jpg
882.0	momo-momo_image52.jpg
883.0	momo-momo_historiaimage49.jpg
884.0	momo-momo_image44.jpg
885.0	momo-momo_image50.jpg
886.0	momo-momo_terror_image23.jpg
887.0	momo-momo_terror_image37.jpg
888.0	momo-momo_noticiasimage17.jpg
889.0	momo-momo_videoimage39.jpg
890.0	momo-momo_gameimage6.jpg
891.0	momo-momo_videoimage11.jpg
892.0	momo-momo_juegoimage66.jpg
893.0	momo-momo_juegoimage72.jpg
894.0	momo-momo_videoimage7.jpg
895.0	momo-momo_gameimage10.jpg
896.0	momo-momo_wspimage12.jpg
897.0	momo-momo_gameimage39.jpg
898.0	momo-momo_gameimage11.jpg
899.0	momo-momo_videoimage6.jpg
900.0	momo-momo_juegoimage73.jpg
901.0	momo-momo_juegoimage67.jpg
902.0	momo-momo_videoimage10.jpg
903.0	momo-momo_gameimage7.jpg
904.0	momo-momo_noticiasimage16.jpg
905.0	momo-momo_terror_image36.jpg
906.0	momo-momo_terror_image22.jpg
907.0	momo-momo_image45.jpg
908.0	momo-momo_historiaimage60.jpg
909.0	momo-momo_historiaimage48.jpg
910.0	montains-montains_image12.jpg
911.0	montains-montains_image13.jpg
912.0	montains-montains_image39.jpg
913.0	montains-montains_image11.jpg
914.0	montains-montains_image10.jpg
915.0	montains-montains_image14.jpg
916.0	montains-montains_image29.jpg
917.0	montains-montains_image15.jpg
918.0	montains-montains_image17.jpg
919.0	montains-montains_image16.jpg
920.0	montains-montains_image59.jpg
921.0	montains-montains_image71.jpg
922.0	montains-montains_image65.jpg
923.0	montains-montains_image1.jpg
924.0	montains-montains_image70.jpg
925.0	montains-montains_image58.jpg
926.0	montains-montains_image66.jpg
927.0	montains-montains_image72.jpg
928.0	montains-montains_image2.jpg
929.0	montains-montains_image3.jpg
930.0	montains-montains_image73.jpg
931.0	montains-montains_image67.jpg
932.0	montains-montains_image98.jpg
933.0	montains-montains_image88.jpg
934.0	montains-montains_image63.jpg
935.0	montains-montains_image7.jpg
936.0	montains-montains_image6.jpg
937.0	montains-montains_image76.jpg
938.0	montains-montains_image62.jpg
939.0	montains-montains_image89.jpg
940.0	montains-montains_image74.jpg
941.0	montains-montains_image48.jpg
942.0	montains-montains_image4.jpg
943.0	montains-montains_image49.jpg
944.0	montains-montains_image61.jpg
945.0	montains-montains_image75.jpg
946.0	montains-montains_image93.jpg
947.0	montains-montains_image87.jpg
948.0	montains-montains_image78.jpg
949.0	montains-montains_image50.jpg
950.0	montains-montains_image44.jpg
951.0	montains-montains_image8.jpg
952.0	montains-montains_image9.jpg
953.0	montains-montains_image45.jpg
954.0	montains-montains_image51.jpg
955.0	montains-montains_image79.jpg
956.0	montains-montains_image86.jpg
957.0	montains-montains_image92.jpg
958.0	montains-montains_image84.jpg
959.0	montains-montains_image90.jpg
960.0	montains-montains_image47.jpg
961.0	montains-montains_image53.jpg
962.0	montains-montains_image52.jpg
963.0	montains-montains_image46.jpg
964.0	montains-montains_image91.jpg
965.0	montains-montains_image85.jpg
966.0	montains-montains_image81.jpg
967.0	montains-montains_image95.jpg
968.0	montains-montains_image56.jpg
969.0	montains-montains_image57.jpg
970.0	montains-montains_image43.jpg
971.0	montains-montains_image94.jpg
972.0	montains-montains_image96.jpg
973.0	montains-montains_image82.jpg
974.0	montains-montains_image55.jpg
975.0	montains-montains_image69.jpg
976.0	montains-montains_image68.jpg
977.0	montains-montains_image40.jpg
978.0	montains-montains_image54.jpg
979.0	montains-montains_image83.jpg
980.0	montains-montains_image97.jpg
981.0	montains-montains_image33.jpg
982.0	montains-montains_image27.jpg
983.0	montains-montains_image26.jpg
984.0	montains-montains_image32.jpg
985.0	montains-montains_image18.jpg
986.0	montains-montains_image24.jpg
987.0	montains-montains_image30.jpg
988.0	montains-montains_image31.jpg
989.0	montains-montains_image25.jpg
990.0	montains-montains_image19.jpg
991.0	montains-montains_image35.jpg
992.0	montains-montains_image20.jpg
993.0	montains-montains_image22.jpg
